{
  "project_info": {
    "project_number": "395602519037",
    "firebase_url": "https://tracking-rider.firebaseio.com",
    "project_id": "tracking-rider",
    "storage_bucket": "tracking-rider.appspot.com"
  },
  "client": [
    {
      "client_info": {
        "mobilesdk_app_id": "1:395602519037:android:ccd7d6ad82980d20",
        "android_client_info": {
          "package_name": "com.example.transportdisplay"
        }
      },
      "oauth_client": [
        {
          "client_id": "395602519037-g55bjsv4i99a1dl03387kssdtpjo76cn.apps.googleusercontent.com",
          "client_type": 1,
          "android_info": {
            "package_name": "com.example.transportdisplay",
            "certificate_hash": "fc349cbfcf9f8afe578c08f979c510880146f891"
          }
        },
        {
          "client_id": "395602519037-t46gh49vbv7e8tcaeu6bmkessk9klt6l.apps.googleusercontent.com",
          "client_type": 3
        }
      ],
      "api_key": [
        {
          "current_key": "AIzaSyCeW4O4HI8qwMK0Gqqt3CmZ4zgCkbbDQvs"
        }
      ],
      "services": {
        "analytics_service": {
          "status": 1
        },
        "appinvite_service": {
          "status": 2,
          "other_platform_oauth_client": [
            {
              "client_id": "395602519037-t46gh49vbv7e8tcaeu6bmkessk9klt6l.apps.googleusercontent.com",
              "client_type": 3
            }
          ]
        },
        "ads_service": {
          "status": 2
        }
      }
    },
    {
      "client_info": {
        "mobilesdk_app_id": "1:395602519037:android:633c1d52ec724e9c",
        "android_client_info": {
          "package_name": "com.example.transporttracker"
        }
      },
      "oauth_client": [
        {
          "client_id": "395602519037-snoiahbc7ivntdr12vl5a7fakb96lltq.apps.googleusercontent.com",
          "client_type": 1,
          "android_info": {
            "package_name": "com.example.transporttracker",
            "certificate_hash": "fc349cbfcf9f8afe578c08f979c510880146f891"
          }
        },
        {
          "client_id": "395602519037-t46gh49vbv7e8tcaeu6bmkessk9klt6l.apps.googleusercontent.com",
          "client_type": 3
        }
      ],
      "api_key": [
        {
          "current_key": "AIzaSyCeW4O4HI8qwMK0Gqqt3CmZ4zgCkbbDQvs"
        }
      ],
      "services": {
        "analytics_service": {
          "status": 1
        },
        "appinvite_service": {
          "status": 2,
          "other_platform_oauth_client": [
            {
              "client_id": "395602519037-t46gh49vbv7e8tcaeu6bmkessk9klt6l.apps.googleusercontent.com",
              "client_type": 3
            }
          ]
        },
        "ads_service": {
          "status": 2
        }
      }
    }
  ],
  "configuration_version": "1"
}